Систематски список на општини и населени места во Република Македонија,,,,,
според Законот за територијална организација на локалната самоуправа (Службен весник на Република Македонија бр. 55/04 и 12/05),,,,,
,,,,Состојба на податоците: 01.01.2009,
Матичен број на општина,Назив на општина,Матичен број на населено место,Назив на населено место,Град (г) / Село (с),
0019,Град Скопје*,499994,Скопје,г,
0094,Аеродром,419478,Долно Лисиче,с,
0094,Аеродром,491098,Скопје - Аеродром,г,
0108,Бутел,419516,Визбегово,с,
0108,Бутел,414999,Љубанци,с,
0108,Бутел,415006,Љуботен,с,
0108,Бутел,415049,Радишани,с,
0108,Бутел,491101,Скопје - Бутел,г,
0027,Гази Баба,413763,Брњарци,с,
0027,Гази Баба,413780,Булачани,с,
0027,Гази Баба,419311,Гоце Делчев,с,
0027,Гази Баба,413887,Идризово,с,
0027,Гази Баба,419281,Инџиково,с,
0027,Гази Баба,413909,Јурумлери,с,
0027,Гази Баба,414069,Раштак,с,
0027,Гази Баба,419320,Сингелиќ,с,
0027,Гази Баба,491012,Скопје - Гази Баба,г,
0027,Гази Баба,419338,Смиљковци,с,
0027,Гази Баба,419346,Стајковци,с,
0027,Гази Баба,414085,Страчинци,с,
0027,Гази Баба,419354,Трубарево,с,
0027,Гази Баба,414115,Црешево,с,
0035,Ѓорче Петров,419362,Волково,с,
0035,Ѓорче Петров,414166,Грачани,с,
0035,Ѓорче Петров,414255,Кучково,с,
0035,Ѓорче Петров,414280,Никиштане,с,
0035,Ѓорче Петров,419389,Ново Село,с,
0035,Ѓорче Петров,414298,Орман,с,
0035,Ѓорче Петров,491071,Скопје - Ѓорче Петров,г,
0043,Карпош,419419,Бардовци,с,
0043,Карпош,419435,Горно Нерези,с,
0043,Карпош,491039,Скопје - Карпош,г,
0051,Кисела Вода,419494,Драчево,с,
0051,Кисела Вода,491047,Скопје - Кисела Вода,г,
0051,Кисела Вода,414859,Усје,с,
0116,Сарај,414123,Арнакија,с,
0116,Сарај,414131,Бојане,с,
0116,Сарај,414140,Буковиќ,с,
0116,Сарај,419613,Глумово,с,
0116,Сарај,414158,Горно Свиларе,с,
0116,Сарај,414174,Грчец,с,
0116,Сарај,414182,Дворце,с,
0116,Сарај,414204,Долно Свиларе,с,
0116,Сарај,414212,Кондово,с,
0116,Сарај,414239,Копаница,с,
0116,Сарај,414247,Крушопек,с,
0116,Сарај,414263,Ласкарци,с,
0116,Сарај,414271,Љубин,с,
0116,Сарај,419621,Матка,с,
0116,Сарај,414301,Паничари,с,
0116,Сарај,414310,Радуша,с,
0116,Сарај,414328,Раовиќ,с,
0116,Сарај,414336,Рашче,с,
0116,Сарај,414344,Рудник Радуша,с,
0116,Сарај,414352,Семениште,с,
0116,Сарај,491110,Скопје - Сарај,г,
0116,Сарај,414379,Чајлане,с,
0116,Сарај,419648,Шишево,с,
0060,Центар,491055,Скопје - Центар,г,
0078,Чаир,491063,Скопје - Чаир,г,
0086,Шуто Оризари,419524,Горно Оризари,с,
0086,Шуто Оризари,491080,Скопје - Шуто Оризари,г,
1015,Арачиново,413712,Арачиново,с,
1015,Арачиново,413836,Грушино,с,
1015,Арачиново,413984,Мојанци,с,
1015,Арачиново,414026,Орланци,с,
1040,Берово,400017,Берово,г,
1040,Берово,400025,Будинарци,с,
1040,Берово,400033,Владимирово,с,
1040,Берово,400041,Двориште,с,
1040,Берово,400050,Мачево,с,
1040,Берово,400068,Митрашинци,с,
1040,Берово,400106,Ратево,с,
1040,Берово,400122,Русиново,с,
1040,Берово,400149,Смојмирово,с,
1066,Битола,400211,Барешани,с,
1066,Битола,400254,Бистрица,с,
1066,Битола,400262,Битола,г,
1066,Битола,400289,Братин Дол,с,
1066,Битола,400327,Брусник,с,
1066,Битола,400351,Буково,с,
1066,Битола,400386,Велушина,с,
1066,Битола,400408,Габалавци,с,
1066,Битола,400459,Гопеш,с,
1066,Битола,400475,Горно Егри,с,
1066,Битола,400483,Горно Оризари,с,
1066,Битола,400513,Граешница,с,
1066,Битола,400564,Дихово,с,
1066,Битола,400629,Доленци,с,
1066,Битола,400645,Долно Егри,с,
1066,Битола,400661,Долно Оризари,с,
1066,Битола,400696,Драгарино,с,
1066,Битола,400700,Драгожани,с,
1066,Битола,400718,Драгош,с,
1066,Битола,400726,Древеник,с,
1066,Битола,400734,Ѓавато,с,
1066,Битола,400742,Жабени,с,
1066,Битола,400777,Злокуќани,с,
1066,Битола,400815,Кажани,с,
1066,Битола,400823,Канино,с,
1066,Битола,400831,Карамани,с,
1066,Битола,400840,Кишава,с,
1066,Битола,400858,Кравари,с,
1066,Битола,400866,Кременица,с,
1066,Битола,400874,Крклино,с,
1066,Битола,400882,Крстоар,с,
1066,Битола,400904,Кукуречани,с,
1066,Битола,400912,Лавци,с,
1066,Битола,400939,Лажец,с,
1066,Битола,400947,Лера,с,
1066,Битола,400955,Лисолај,с,
1066,Битола,400963,Логоварди,с,
1066,Битола,400980,Лопатица,с,
1066,Битола,400998,Магарево,с,
1066,Битола,401013,Маловиште,с,
1066,Битола,401030,Метимир,с,
1066,Битола,401048,Меџитлија,с,
1066,Битола,401099,Нижеполе,с,
1066,Битола,401129,Ново Змирново,с,
1066,Битола,401161,Облаково,с,
1066,Битола,401170,Олевени,с,
1066,Битола,401188,Оптичари,с,
1066,Битола,401196,Орехово,с,
1066,Битола,401218,Острец,с,
1066,Битола,401242,Поешево,с,
1066,Битола,401277,Породин,с,
1066,Битола,401307,Рамна,с,
1066,Битола,401323,Раштани,с,
1066,Битола,401340,Ротино,с,
1066,Битола,401366,Свиниште,с,
1066,Битола,401374,Секирани,с,
1066,Битола,401412,Снегово,с,
1066,Битола,401447,Средно Егри,с,
1066,Битола,401455,Српци,с,
1066,Битола,401471,Старо Змирново,с,
1066,Битола,401480,Стрежево,с,
1066,Битола,401528,Трн,с,
1066,Битола,401536,Трново,с,
1066,Битола,401552,Цапари,с,
1066,Битола,401587,Црнобуки,с,
1066,Битола,401595,Црновец,с,
1082,Богданци,402672,Богданци,г,
1082,Богданци,402753,Ѓавато,с,
1082,Богданци,402931,Селемли,с,
1082,Богданци,402982,Стојаково,с,
1104,Боговиње,416509,Боговиње,с,
1104,Боговиње,416657,Горно Палчиште,с,
1104,Боговиње,416665,Горно Седларце,с,
1104,Боговиње,416720,Долно Палчиште,с,
1104,Боговиње,416762,Жеровјане,с,
1104,Боговиње,416843,Јеловјане,с,
1104,Боговиње,416860,Камењане,с,
1104,Боговиње,417009,Новаќе,с,
1104,Боговиње,417017,Ново Село,с,
1104,Боговиње,417084,Пирок,с,
1104,Боговиње,417165,Раковец,с,
1104,Боговиње,417246,Селце Кеч,с,
1104,Боговиње,417262,Синичане,с,
1104,Боговиње,417394,Урвич,с,
1139,Босилово,415723,Бориево,с,
1139,Босилово,415740,Босилово,с,
1139,Босилово,415847,Гечерлија,с,
1139,Босилово,415928,Дрвош,с,
1139,Босилово,415944,Еднокуќево,с,
1139,Босилово,415995,Иловица,с,
1139,Босилово,416088,Моноспитово,с,
1139,Босилово,416169,Петралинци,с,
1139,Босилово,416223,Радово,с,
1139,Босилово,416240,Робово,с,
1139,Босилово,416266,Сарај,с,
1139,Босилово,416312,Секирник,с,
1139,Босилово,416347,Старо Балдовци,с,
1139,Босилово,416428,Турново,с,
1139,Босилово,416436,Хамзали,с,
1139,Босилово,416479,Штука,с,
1147,Брвеница,416495,Блаце,с,
1147,Брвеница,416525,Брвеница,с,
1147,Брвеница,416584,Волковија,с,
1147,Брвеница,416681,Гургурница,с,
1147,Брвеница,416738,Долно Седларце,с,
1147,Брвеница,416975,Милетино,с,
1147,Брвеница,417157,Радиовце,с,
1147,Брвеница,417327,Стенче,с,
1147,Брвеница,417351,Теново,с,
1147,Брвеница,417424,Челопек,с,
1155,Валандово,402184,Ајранли,с,
1155,Валандово,402192,Аразли,с,
1155,Валандово,402206,Бајрамбос,с,
1155,Валандово,402214,Балинци,с,
1155,Валандово,402222,Баракли,с,
1155,Валандово,402249,Башали,с,
1155,Валандово,402257,Башибос,с,
1155,Валандово,402265,Брајковци,с,
1155,Валандово,402273,Булунтули,с,
1155,Валандово,402281,Валандово,г,
1155,Валандово,402290,Вејсели,с,
1155,Валандово,402303,Градец,с,
1155,Валандово,402311,Грчиште,с,
1155,Валандово,402320,Дедели,с,
1155,Валандово,402338,Ѓулели,с,
1155,Валандово,402346,Јосифово,с,
1155,Валандово,402354,Казандол,с,
1155,Валандово,402362,Кочули,с,
1155,Валандово,402389,Марвинци,с,
1155,Валандово,402397,Пирава,с,
1155,Валандово,402419,Плавуш,с,
1155,Валандово,402427,Прстен,с,
1155,Валандово,402435,Раброво,с,
1155,Валандово,402443,Собри,с,
1155,Валандово,402451,Татарли,с,
1155,Валандово,402460,Терзели,с,
1155,Валандово,402478,Удово,с,
1155,Валандово,402486,Чалакли,с,
1155,Валандово,402494,Честево,с,
1163,Василево,415642,Ангелци,с,
1163,Василево,415758,Варварица,с,
1163,Василево,415766,Василево,с,
1163,Василево,415782,Висока Маала,с,
1163,Василево,415804,Владиевци,с,
1163,Василево,415855,Градошорци,с,
1163,Василево,415898,Доброшинци,с,
1163,Василево,415936,Дукатино,с,
1163,Василево,415952,Едрениково,с,
1163,Василево,416045,Кушкулија,с,
1163,Василево,416100,Нивичино,с,
1163,Василево,416118,Нова Маала,с,
1163,Василево,416177,Пиперево,с,
1163,Василево,416215,Радичево,с,
1163,Василево,416304,Седларци,с,
1163,Василево,416380,Сушево,с,
1163,Василево,416401,Требичино,с,
1163,Василево,416444,Чанаклија,с,
1171,Вевчани,415138,Вевчани,с,
1180,Велес,417505,Башино Село,с,
1180,Велес,417513,Белештевица,с,
1180,Велес,417548,Бузалково,с,
1180,Велес,418382,Велес,г,
1180,Велес,417564,Ветерско,с,
1180,Велес,417688,Горно Каласлари,с,
1180,Велес,417696,Горно Оризари,с,
1180,Велес,417777,Долно Каласлари,с,
1180,Велес,417785,Долно Оризари,с,
1180,Велес,417831,Иванковци,с,
1180,Велес,417866,Карабуњиште,с,
1180,Велес,417947,Крушје,с,
1180,Велес,417955,Кумарино,с,
1180,Велес,417980,Лугунци,с,
1180,Велес,417998,Мамутчево,с,
1180,Велес,418048,Новачани,с,
1180,Велес,418056,Ново Село,с,
1180,Велес,418129,Ораовец,с,
1180,Велес,418153,Отовица,с,
1180,Велес,418234,Раштани,с,
1180,Велес,418242,Рлевци,с,
1180,Велес,418269,Рудник,с,
1180,Велес,418307,С’лп,с,
1180,Велес,418293,Сливник,с,
1180,Велес,418331,Сојаклари,с,
1180,Велес,418340,Сопот,с,
1180,Велес,418447,Црквино,с,
1180,Велес,418455,Чалошево,с,
1180,Велес,418471,Џидимирци,с,
1201,Виница,402508,Блатец,с,
1201,Виница,402516,Виница,г,
1201,Виница,402524,Виничка Кршла,с,
1201,Виница,402532,Градец,с,
1201,Виница,402559,Грљани,с,
1201,Виница,402567,Драгобраште,с,
1201,Виница,402575,Истибања,с,
1201,Виница,402583,Јакимово,с,
1201,Виница,402591,Калиманци,с,
1201,Виница,402605,Крушево,с,
1201,Виница,402613,Лаки,с,
1201,Виница,402621,Лески,с,
1201,Виница,402630,Липец,с,
1201,Виница,402648,Пекљани,с,
1201,Виница,402656,Трсино,с,
1201,Виница,402664,Црн Камен,с,
1228,Вранештица,405817,Атишта,с,
1228,Вранештица,405850,Бигор Доленци,с,
1228,Вранештица,405906,Вранештица,с,
1228,Вранештица,406031,Дупјани,с,
1228,Вранештица,406155,Карбуница,с,
1228,Вранештица,406210,Козичино,с,
1228,Вранештица,406244,Крушица,с,
1228,Вранештица,406350,Миокази,с,
1228,Вранештица,406376,Орланци,с,
1228,Вранештица,406414,Патец,с,
1228,Вранештица,406490,Рабетино,с,
1228,Вранештица,406520,Речани - Челопечко,с,
1228,Вранештица,406538,Светораче,с,
1228,Вранештица,406589,Староец,с,
1228,Вранештица,406660,Челопеци,с,
1236,Врапчиште,403199,Врановци,с,
1236,Врапчиште,403202,Врапчиште,с,
1236,Врапчиште,403253,Галате,с,
1236,Врапчиште,403270,Горјане,с,
1236,Врапчиште,403326,Градец,с,
1236,Врапчиште,403369,Добри Дол,с,
1236,Врапчиште,403415,Ѓурѓевиште,с,
1236,Врапчиште,403466,Зубовце,с,
1236,Врапчиште,403482,Калиште,с,
1236,Врапчиште,403601,Ломница,с,
1236,Врапчиште,403652,Неготино - Полошко,с,
1236,Врапчиште,403717,Ново Село,с,
1236,Врапчиште,403768,Пожаране,с,
1236,Врапчиште,403857,Сенокос,с,
1236,Врапчиште,403954,Топлица,с,
1279,Гевгелија,402699,Богородица,с,
1279,Гевгелија,402702,Габрово,с,
1279,Гевгелија,402729,Гевгелија,г,
1279,Гевгелија,402737,Давидово,с,
1279,Гевгелија,402770,Кованци,с,
1279,Гевгелија,402788,Конско,с,
1279,Гевгелија,402800,Милетково,с,
1279,Гевгелија,402818,Миравци,с,
1279,Гевгелија,402826,Моин,с,
1279,Гевгелија,402834,Мрзенци,с,
1279,Гевгелија,402842,Негорци,с,
1279,Гевгелија,402885,Ново Коњско,с,
1279,Гевгелија,402907,Петрово,с,
1279,Гевгелија,402915,Прдејци,с,
1279,Гевгелија,402940,Серменин,с,
1279,Гевгелија,402958,Смоквица,с,
1279,Гевгелија,403016,Хума,с,
1287,Гостивар,403075,Балин Дол,с,
1287,Гостивар,403091,Беловиште,с,
1287,Гостивар,403148,Бродец,с,
1287,Гостивар,403245,Вруток,с,
1287,Гостивар,403288,Горна Бањица,с,
1287,Гостивар,403296,Горна Ѓоновица,с,
1287,Гостивар,403300,Горно Јеловце,с,
1287,Гостивар,403318,Гостивар,г,
1287,Гостивар,403342,Дебреше,с,
1287,Гостивар,403377,Долна Бањица,с,
1287,Гостивар,403385,Долна Ѓоновица,с,
1287,Гостивар,403393,Долно Јеловце,с,
1287,Гостивар,403423,Железна Река,с,
1287,Гостивар,403458,Здуње,с,
1287,Гостивар,403539,Корито,с,
1287,Гостивар,403555,Куново,с,
1287,Гостивар,403571,Лакавица,с,
1287,Гостивар,403598,Лешница,с,
1287,Гостивар,403636,Мало Турчане,с,
1287,Гостивар,419672,Мердита,с,
1287,Гостивар,403644,Митрој Крсти,с,
1287,Гостивар,403741,Падалиште,с,
1287,Гостивар,403750,Печково,с,
1287,Гостивар,403784,Равен,с,
1287,Гостивар,403792,Речане,с,
1287,Гостивар,403873,Симница,с,
1287,Гостивар,403890,Србиново,с,
1287,Гостивар,403911,Страјане,с,
1287,Гостивар,403920,Сушица,с,
1287,Гостивар,403997,Трново,с,
1287,Гостивар,404004,Тумчевиште,с,
1287,Гостивар,403504,Ќафа,с,
1287,Гостивар,404012,Форино,с,
1287,Гостивар,404047,Чајле,с,
1287,Гостивар,404055,Чегране,с,
1295,Градско,417572,Виничани,с,
1295,Градско,417629,Водоврати,с,
1295,Градско,417700,Горно Чичево,с,
1295,Градско,417718,Градско,с,
1295,Градско,417726,Грнчиште,с,
1295,Градско,417734,Двориште,с,
1295,Градско,417793,Долно Чичево,с,
1295,Градско,417823,Згрополци,с,
1295,Градско,417882,Кочилари,с,
1295,Градско,417963,Куридере,с,
1295,Градско,418072,Ногаевци,с,
1295,Градско,418188,Подлес,с,
1295,Градско,418277,Свеќани,с,
1295,Градско,418285,Скачинци,с,
1295,Градско,418404,Убого,с,
1295,Градско,418412,Уланци,с,
1309,Дебар,404080,Баниште,с,
1309,Дебар,404098,Бомово,с,
1309,Дебар,404136,Гари,с,
1309,Дебар,404179,Горно Косоврасти,с,
1309,Дебар,404195,Дебар,г,
1309,Дебар,404217,Долно Косоврасти,с,
1309,Дебар,404268,Коњари,с,
1309,Дебар,404292,Кривци,с,
1309,Дебар,404314,Могорче,с,
1309,Дебар,404349,Осој,с,
1309,Дебар,404365,Отишани,с,
1309,Дебар,404403,Рајчица,с,
1309,Дебар,404411,Селокуќи,с,
1309,Дебар,404420,Спас,с,
1309,Дебар,404438,Татар Елевци,с,
1309,Дебар,404446,Трнаниќ,с,
1309,Дебар,404454,Хаме,с,
1309,Дебар,404489,Џепиште,с,
1031,Дебарца,409952,Арбиново,с,
1031,Дебарца,409979,Белчишта,с,
1031,Дебарца,409987,Ботун,с,
1031,Дебарца,409995,Брежани,с,
1031,Дебарца,410047,Велмеј,с,
1031,Дебарца,410055,Волино,с,
1031,Дебарца,410063,Врбјани,с,
1031,Дебарца,410071,Годивје,с,
1031,Дебарца,410080,Горенци,с,
1031,Дебарца,410101,Горно Средоречие,с,
1031,Дебарца,410110,Грко Поле,с,
1031,Дебарца,410136,Долно Средоречие,с,
1031,Дебарца,410179,Злести,с,
1031,Дебарца,410187,Издеглавје,с,
1031,Дебарца,410195,Климештани,с,
1031,Дебарца,410233,Лактиње,с,
1031,Дебарца,410250,Лешани,с,
1031,Дебарца,410284,Мешеишта,с,
1031,Дебарца,410292,Мраморец,с,
1031,Дебарца,410306,Ново Село,с,
1031,Дебарца,410314,Оздолени,с,
1031,Дебарца,410357,Оровник,с,
1031,Дебарца,410373,Песочани,с,
1031,Дебарца,410489,Слатино,с,
1031,Дебарца,410497,Слатински Чифлик,с,
1031,Дебарца,410519,Сливово,с,
1031,Дебарца,410527,Сошани,с,
1031,Дебарца,410535,Требеништа,с,
1031,Дебарца,410551,Турје,с,
1031,Дебарца,410560,Црвена Вода,с,
1325,Делчево,404497,Бигла,с,
1325,Делчево,404519,Ветрен,с,
1325,Делчево,404527,Вирче,с,
1325,Делчево,404535,Вратиславци,с,
1325,Делчево,404543,Габрово,с,
1325,Делчево,404551,Град,с,
1325,Делчево,404560,Делчево,г,
1325,Делчево,404578,Драмче,с,
1325,Делчево,404594,Звегор,с,
1325,Делчево,404608,Илиово,с,
1325,Делчево,404624,Киселица,с,
1325,Делчево,404659,Косово Дабје,с,
1325,Делчево,404691,Нов Истевник,с,
1325,Делчево,404705,Очипала,с,
1325,Делчево,404713,Полето,с,
1325,Делчево,404721,Разловци,с,
1325,Делчево,404748,Селник,с,
1325,Делчево,404756,Стамер,с,
1325,Делчево,404764,Стар Истевник,с,
1325,Делчево,404799,Тработивиште,с,
1325,Делчево,404802,Турија,с,
1325,Делчево,404829,Чифлик,с,
1333,Демир Капија,409588,Барово,с,
1333,Демир Капија,409596,Бесвица,с,
1333,Демир Капија,409600,Бистренци,с,
1333,Демир Капија,409669,Демир Капија,г,
1333,Демир Капија,409685,Драчевица,с,
1333,Демир Капија,409693,Дрен,с,
1333,Демир Капија,409715,Иберли,с,
1333,Демир Капија,409740,Клисура,с,
1333,Демир Капија,409758,Копришница,с,
1333,Демир Капија,409766,Корешница,с,
1333,Демир Капија,409774,Кошарка,с,
1333,Демир Капија,409863,Прждево,с,
1333,Демир Капија,409871,Стрмашево,с,
1333,Демир Капија,409910,Челевец,с,
1333,Демир Капија,409928,Чифлик,с,
1341,Демир Хисар,404837,Бабино,с,
1341,Демир Хисар,404845,Базерник,с,
1341,Демир Хисар,404853,Бараково,с,
1341,Демир Хисар,404861,Белче,с,
1341,Демир Хисар,404870,Боиште,с,
1341,Демир Хисар,404888,Брезово,с,
1341,Демир Хисар,404896,Вардино,с,
1341,Демир Хисар,405884,Велмевци,с,
1341,Демир Хисар,404900,Вирово,с,
1341,Демир Хисар,404918,Големо Илино,с,
1341,Демир Хисар,404926,Граиште,с,
1341,Демир Хисар,404934,Демир Хисар,г,
1341,Демир Хисар,404942,Доленци,с,
1341,Демир Хисар,404969,Единаковци,с,
1341,Демир Хисар,404977,Жван,с,
1341,Демир Хисар,404985,Железнец,с,
1341,Демир Хисар,404993,Журче,с,
1341,Демир Хисар,405019,Загориче,с,
1341,Демир Хисар,405027,Зашле,с,
1341,Демир Хисар,408239,Кочиште,с,
1341,Демир Хисар,405035,Кутретино,с,
1341,Демир Хисар,405043,Лесково,с,
1341,Демир Хисар,405051,Мало Илино,с,
1341,Демир Хисар,405060,Мренога,с,
1341,Демир Хисар,405078,Ново Село,с,
1341,Демир Хисар,405086,Обедник,с,
1341,Демир Хисар,405094,Прибилци,с,
1341,Демир Хисар,405108,Радово,с,
1341,Демир Хисар,405116,Ракитница,с,
1341,Демир Хисар,408310,Растојца,с,
1341,Демир Хисар,405124,Света,с,
1341,Демир Хисар,405132,Сладуево,с,
1341,Демир Хисар,405159,Слепче,с,
1341,Демир Хисар,405167,Слоештица,с,
1341,Демир Хисар,405175,Смилево,с,
1341,Демир Хисар,405183,Сопотница,с,
1341,Демир Хисар,405191,Стругово,с,
1341,Демир Хисар,405205,Суво Грло,с,
1341,Демир Хисар,405213,Суводол,с,
1341,Демир Хисар,405221,Утово,с,
1341,Демир Хисар,405230,Церово,с,
2097,Дојран,402745,Дурутли,с,
2097,Дојран,402761,Ѓопчели,с,
2097,Дојран,402796,Куртамзали,с,
2097,Дојран,402869,Николиќ,с,
2097,Дојран,402877,Нов Дојран,с,
2097,Дојран,402893,Органџали,с,
2097,Дојран,402923,Севендекли,с,
2097,Дојран,402966,Сретеново,с,
2097,Дојран,402974,Стар Дојран,с,
2097,Дојран,403008,Фурка,с,
2097,Дојран,403024,Црничани,с,
2097,Дојран,403032,Чаушли,с,
2097,Дојран,403059,Џумабос,с,
1376,Долнени,410608,Бело Поле,с,
1376,Долнени,410675,Браилово,с,
1376,Долнени,410748,Вранче,с,
1376,Долнени,410837,Горно Село,с,
1376,Долнени,410845,Гостиражни,с,
1376,Долнени,410861,Дабјани,с,
1376,Долнени,410888,Дебреште,с,
1376,Долнени,410896,Десово,с,
1376,Долнени,410900,Долгаец,с,
1376,Долнени,410918,Долнени,с,
1376,Долнени,410934,Дреновци,с,
1376,Долнени,410969,Дупјачани,с,
1376,Долнени,410985,Жабјани,с,
1376,Долнени,408204,Житоше,с,
1376,Долнени,411019,Забрчани,с,
1376,Долнени,411035,Заполжани,с,
1376,Долнени,411043,Зрзе,с,
1376,Долнени,411116,Костинци,с,
1376,Долнени,411124,Кошино,с,
1376,Долнени,411183,Кутлешево,с,
1376,Долнени,411191,Лажани,с,
1376,Долнени,408255,Локвени,с,
1376,Долнени,411256,Мало Мраморани,с,
1376,Долнени,411299,Маргари,с,
1376,Долнени,411337,Небрегово,с,
1376,Долнени,411361,Новоселани,с,
1376,Долнени,411400,Пешталево,с,
1376,Долнени,411507,Рилево,с,
1376,Долнени,411515,Ропотово,с,
1376,Долнени,411523,Сарандиново,с,
1376,Долнени,411531,Секирци,с,
1376,Долнени,411558,Сенокос,с,
1376,Долнени,411574,Слепче,с,
1376,Долнени,411582,Сливје,с,
1376,Долнени,411612,Средорек,с,
1376,Долнени,411647,Стровија,с,
1376,Долнени,411701,Црнилиште,с,
1384,Другово,405833,Белица,с,
1384,Другово,405868,Брждани,с,
1384,Другово,405892,Видрани,с,
1384,Другово,405922,Големо Црско,с,
1384,Другово,405949,Горна Душегубица,с,
1384,Другово,405957,Горно Добреноец,с,
1384,Другово,405990,Долна Душегубица,с,
1384,Другово,406007,Долно Добреноец,с,
1384,Другово,406023,Другово,с,
1384,Другово,406040,Ехлоец,с,
1384,Другово,406074,Иванчишта,с,
1384,Другово,406082,Извор,с,
1384,Другово,406104,Јаворец,с,
1384,Другово,406147,Јудово,с,
1384,Другово,406171,Кладник,с,
1384,Другово,406180,Кленоец,с,
1384,Другово,406201,Козица,с,
1384,Другово,406252,Лавчани,с,
1384,Другово,406309,Малкоец,с,
1384,Другово,406317,Мало Црско,с,
1384,Другово,406333,Манастирско Доленци,с,
1384,Другово,406422,Подвис,с,
1384,Другово,406457,Попоец,с,
1384,Другово,406465,Пополжани,с,
1384,Другово,406481,Прострање,с,
1384,Другово,406546,Свињиште,с,
1384,Другово,406562,Србјани,с,
1384,Другово,406643,Цер,с,
1392,Желино,416649,Горна Лешница,с,
1392,Желино,416673,Групчин,с,
1392,Желино,416690,Добарце,с,
1392,Желино,416711,Долна Лешница,с,
1392,Желино,416754,Желино,с,
1392,Желино,416886,Копачин Дол,с,
1392,Желино,416908,Ларце,с,
1392,Желино,416932,Луковица,с,
1392,Желино,416967,Мерово,с,
1392,Желино,417025,Ново Село,с,
1392,Желино,417041,Озормиште,с,
1392,Желино,417076,Палатица,с,
1392,Желино,417203,Рогле,с,
1392,Желино,417220,Седларево,с,
1392,Желино,417335,Стримница,с,
1392,Желино,417378,Требош,с,
1392,Желино,417416,Церово,с,
1392,Желино,417432,Чифлик,с,
1414,Зајас,405825,Бачишта,с,
1414,Зајас,405876,Букојчани,с,
1414,Зајас,405965,Горно Строгомиште,с,
1414,Зајас,405973,Грешница,с,
1414,Зајас,405981,Длапкин Дол,с,
1414,Зајас,406015,Долно Строгомиште,с,
1414,Зајас,406066,Зајас,с,
1414,Зајас,406228,Колари,с,
1414,Зајас,406236,Колибари,с,
1414,Зајас,406287,Лешница,с,
1414,Зајас,406341,Мидинци,с,
1414,Зајас,406511,Речани - Зајаско,с,
1414,Зајас,406619,Тајмиште,с,
1422,Зелениково,414417,Вражале,с,
1422,Зелениково,414468,Градовци,с,
1422,Зелениково,414476,Гумалево,с,
1422,Зелениково,414484,Дејковец,с,
1422,Зелениково,414506,Добрино,с,
1422,Зелениково,414573,Зелениково,с,
1422,Зелениково,414646,Ново Село,с,
1422,Зелениково,414654,Орешани,с,
1422,Зелениково,414697,Пакошево,с,
1422,Зелениково,414719,Палиград,с,
1422,Зелениково,414760,Смесница,с,
1422,Зелениково,414794,Страхојадица,с,
1422,Зелениково,414816,Таор,с,
1422,Зелениково,414824,Тисовица,с,
1457,Зрновци,406724,Видовиште,с,
1457,Зрновци,406830,Зрновци,с,
1457,Зрновци,406937,Мородвис,с,
1473,Илинден,413704,Ајватовци,с,
1473,Илинден,413771,Бујковци,с,
1473,Илинден,413798,Бунарџик,с,
1473,Илинден,413801,Бучинци,с,
1473,Илинден,413844,Дељадровци,с,
1473,Илинден,413895,Илинден,с,
1473,Илинден,413917,Кадино,с,
1473,Илинден,413968,Марино,с,
1473,Илинден,413976,Миладиновци,с,
1473,Илинден,413992,Мралино,с,
1473,Илинден,414000,Мршевци,с,
1473,Илинден,414107,Текија,с,
1481,Јегуновце,416487,Беловиште,с,
1481,Јегуновце,416592,Вратница,с,
1481,Јегуновце,416789,Жилче,с,
1481,Јегуновце,416797,Јажинце,с,
1481,Јегуновце,416819,Јанчиште,с,
1481,Јегуновце,416827,Јегуновце,с,
1481,Јегуновце,416878,Копанце,с,
1481,Јегуновце,417050,Орашје,с,
1481,Јегуновце,417092,Подбреге,с,
1481,Јегуновце,417122,Прељубиште,с,
1481,Јегуновце,417173,Раотинце,с,
1481,Јегуновце,417181,Ратае,с,
1481,Јегуновце,417190,Рогачево,с,
1481,Јегуновце,417289,Сиричино,с,
1481,Јегуновце,417319,Старо Село,с,
1481,Јегуновце,417386,Туденце,с,
1481,Јегуновце,417467,Шемшево,с,
1490,Кавадарци,405248,Бегниште,с,
1490,Кавадарци,405256,Бојанчиште,с,
1490,Кавадарци,405264,Бохула,с,
1490,Кавадарци,405272,Брушани,с,
1490,Кавадарци,405299,Бунарче,с,
1490,Кавадарци,405302,Ваташа,с,
1490,Кавадарци,405329,Возарци,с,
1490,Кавадарци,405337,Галиште,с,
1490,Кавадарци,405345,Гарниково,с,
1490,Кавадарци,405353,Глишиќ,с,
1490,Кавадарци,405361,Горна Бошава,с,
1490,Кавадарци,405370,Грбовец,с,
1490,Кавадарци,405388,Дабниште,с,
1490,Кавадарци,405400,Добротино,с,
1490,Кавадарци,405418,Долна Бошава,с,
1490,Кавадарци,405426,Драгожел,с,
1490,Кавадарци,405434,Драдња,с,
1490,Кавадарци,405442,Дреново,с,
1490,Кавадарци,405469,Кавадарци,г,
1490,Кавадарци,405485,Кесендре,с,
1490,Кавадарци,405493,Клиново,с,
1490,Кавадарци,405507,Конопиште,с,
1490,Кавадарци,405515,Кошани,с,
1490,Кавадарци,405523,Крњево,с,
1490,Кавадарци,405540,Куманичево,с,
1490,Кавадарци,405558,Мајден,с,
1490,Кавадарци,405574,Марена,с,
1490,Кавадарци,405582,Мрежичко,с,
1490,Кавадарци,405639,Праведник,с,
1490,Кавадарци,405647,Р’жаново,с,
1490,Кавадарци,405655,Радња,с,
1490,Кавадарци,405663,Раец,с,
1490,Кавадарци,405671,Ресава,с,
1490,Кавадарци,405698,Рожден,с,
1490,Кавадарци,405728,Сопот,с,
1490,Кавадарци,405736,Страгово,с,
1490,Кавадарци,405752,Фариш,с,
1490,Кавадарци,405779,Чемерско,с,
1490,Кавадарци,405787,Шешково,с,
1490,Кавадарци,405795,Шивец,с,
1511,Карбинци,418480,Аргулица,с,
1511,Карбинци,418501,Батање,с,
1511,Карбинци,418536,Вртешка,с,
1511,Карбинци,418544,Голем Габер,с,
1511,Карбинци,418579,Горни Балван,с,
1511,Карбинци,418587,Горно Трогерци,с,
1511,Карбинци,418617,Долни Балван,с,
1511,Карбинци,418625,Долно Трогерци,с,
1511,Карбинци,418641,Ебеплија,с,
1511,Карбинци,418676,Јунузлија,с,
1511,Карбинци,418692,Калаузлија,с,
1511,Карбинци,418706,Карбинци,с,
1511,Карбинци,418714,Кепекчелија,с,
1511,Карбинци,418722,Козјак,с,
1511,Карбинци,418765,Крупиште,с,
1511,Карбинци,418773,Курфалија,с,
1511,Карбинци,418781,Кучилат,с,
1511,Карбинци,418790,Кучица,с,
1511,Карбинци,418846,Мал Габер,с,
1511,Карбинци,418854,Мичак,с,
1511,Карбинци,418862,Муратлија,с,
1511,Карбинци,418897,Нов Караорман,с,
1511,Карбинци,418927,Оџалија,с,
1511,Карбинци,418960,Припечани,с,
1511,Карбинци,418978,Прналија,с,
1511,Карбинци,418994,Радање,с,
1511,Карбинци,419001,Руљак,с,
1511,Карбинци,419125,Таринци,с,
1511,Карбинци,419192,Црвулево,с,
1520,Кичево,406163,Кичево,г,
1520,Кичево,406198,Кнежино,с,
1520,Кичево,406279,Лазаровци,с,
1520,Кичево,406325,Мамудовци,с,
1520,Кичево,406392,Осој,с,
1520,Кичево,406503,Раштани,с,
1520,Кичево,406627,Трапчин Дол,с,
1562,Конче,412210,Габревци,с,
1562,Конче,412228,Гарван,с,
1562,Конче,412236,Горна Враштица,с,
1562,Конче,412244,Горни Липовиќ,с,
1562,Конче,412279,Дедино,с,
1562,Конче,412287,Долна Враштица,с,
1562,Конче,412295,Долни Липовиќ,с,
1562,Конче,412309,Долни Радеш,с,
1562,Конче,412333,Загорци,с,
1562,Конче,412422,Конче,с,
1562,Конче,412465,Лубница,с,
1562,Конче,412473,Негреновци,с,
1562,Конче,412562,Ракитец,с,
1562,Конче,412619,Скоруша,с,
1597,Кочани,406694,Безиково,с,
1597,Кочани,406708,Бели,с,
1597,Кочани,406732,Вранинци,с,
1597,Кочани,406767,Главовица,с,
1597,Кочани,406775,Горни Подлог,с,
1597,Кочани,406783,Горно Градче,с,
1597,Кочани,406791,Грдовци,с,
1597,Кочани,406805,Долни Подлог,с,
1597,Кочани,406813,Долно Градче,с,
1597,Кочани,406848,Јастребник,с,
1597,Кочани,406856,Костин Дол,с,
1597,Кочани,406864,Кочани,г,
1597,Кочани,406902,Лешки,с,
1597,Кочани,406929,Мојанци,с,
1597,Кочани,406945,Небојани,с,
1597,Кочани,406953,Нивичани,с,
1597,Кочани,406970,Ново Село,с,
1597,Кочани,406996,Оризари,с,
1597,Кочани,407003,Пантелеј,с,
1597,Кочани,407011,Пашаџиково,с,
1597,Кочани,407020,Полаки,с,
1597,Кочани,407038,Пресека,с,
1597,Кочани,407046,Прибачево,с,
1597,Кочани,407054,Припор,с,
1597,Кочани,407062,Рајчани,с,
1597,Кочани,407089,Речани,с,
1597,Кочани,407135,Тркање,с,
1597,Кочани,407160,Црвена Нива,с,
1619,Кратово,407194,Близанци,с,
1619,Кратово,407208,Вакуф,с,
1619,Кратово,407216,Горно Кратово,с,
1619,Кратово,407224,Димонце,с,
1619,Кратово,407232,Емирица,с,
1619,Кратово,407259,Железница,с,
1619,Кратово,407267,Живалево,с,
1619,Кратово,407275,Каврак,с,
1619,Кратово,407283,Кетеново,с,
1619,Кратово,407291,Кнежево,с,
1619,Кратово,407305,Којково,с,
1619,Кратово,407313,Коњух,с,
1619,Кратово,407321,Кратово,г,
1619,Кратово,407330,Крилатица,с,
1619,Кратово,407348,Куклица,с,
1619,Кратово,407356,Куново,с,
1619,Кратово,407364,Луково,с,
1619,Кратово,407372,Мушково,с,
1619,Кратово,407399,Нежилово,с,
1619,Кратово,407402,Пендак,с,
1619,Кратово,407429,Приковци,с,
1619,Кратово,407437,Секулица,с,
1619,Кратово,407445,Страцин,с,
1619,Кратово,407453,Талашманце,с,
1619,Кратово,407461,Татомир,с,
1619,Кратово,407470,Тополовиќ,с,
1619,Кратово,407488,Трновац,с,
1619,Кратово,407496,Туралево,с,
1619,Кратово,407500,Филиповци,с,
1619,Кратово,407518,Шлегово,с,
1619,Кратово,407526,Шопско Рударе,с,
1627,Крива Паланка,407542,Б’с,с,
1627,Крива Паланка,407569,Баштево,с,
1627,Крива Паланка,407577,Борово,с,
1627,Крива Паланка,407585,Варовиште,с,
1627,Крива Паланка,407615,Габар,с,
1627,Крива Паланка,407640,Голема Црцорија,с,
1627,Крива Паланка,407658,Градец,с,
1627,Крива Паланка,407674,Длабочица,с,
1627,Крива Паланка,407712,Добровница,с,
1627,Крива Паланка,407682,Дренак,с,
1627,Крива Паланка,407704,Дрење,с,
1627,Крива Паланка,407739,Дурачка Река,с,
1627,Крива Паланка,407747,Жидилово,с,
1627,Крива Паланка,407755,Киселица,с,
1627,Крива Паланка,407763,Конопница,с,
1627,Крива Паланка,407771,Костур,с,
1627,Крива Паланка,407780,Кошари,с,
1627,Крива Паланка,407798,Крива Паланка,г,
1627,Крива Паланка,407810,Кркља,с,
1627,Крива Паланка,407828,Крстов Дол,с,
1627,Крива Паланка,407836,Лозаново,с,
1627,Крива Паланка,407844,Луке,с,
1627,Крива Паланка,407879,Мала Црцорија,с,
1627,Крива Паланка,407887,Мартиница,с,
1627,Крива Паланка,407895,Метежево,с,
1627,Крива Паланка,407917,Мождивњак,с,
1627,Крива Паланка,407925,Нерав,с,
1627,Крива Паланка,407933,Огут,с,
1627,Крива Паланка,407968,Осиче,с,
1627,Крива Паланка,408000,Подржи Коњ,с,
1627,Крива Паланка,408042,Станци,с,
1627,Крива Паланка,408077,Т’лминци,с,
1627,Крива Паланка,408085,Трново,с,
1627,Крива Паланка,408093,Узем,с,
1635,Кривогаштани,410594,Бела Црква,с,
1635,Кривогаштани,410667,Боротино,с,
1635,Кривогаштани,410721,Воѓани,с,
1635,Кривогаштани,410756,Врбјани,с,
1635,Кривогаштани,410799,Годивје,с,
1635,Кривогаштани,411108,Кореница,с,
1635,Кривогаштани,411132,Кривогаштани,с,
1635,Кривогаштани,411167,Крушеани,с,
1635,Кривогаштани,411329,Мирче Ацев,с,
1635,Кривогаштани,411370,Обршани,с,
1635,Кривогаштани,411396,Пашино Рувци,с,
1635,Кривогаштани,408352,Подвис,с,
1635,Кривогаштани,411566,Славеј,с,
1643,Крушево,408107,Алданци,с,
1643,Крушево,408115,Арилево,с,
1643,Крушево,408123,Белушино,с,
1643,Крушево,408131,Бирино,с,
1643,Крушево,408140,Борино,с,
1643,Крушево,408158,Бучин,с,
1643,Крушево,408166,Врбоец,с,
1643,Крушево,408174,Горно Дивјаци,с,
1643,Крушево,408182,Долно Дивјаци,с,
1643,Крушево,408212,Јакреново,с,
1643,Крушево,408247,Крушево,г,
1643,Крушево,408263,Милошево,с,
1643,Крушево,408271,Норово,с,
1643,Крушево,408280,Острилци,с,
1643,Крушево,408298,Пресил,с,
1643,Крушево,408301,Пуста Река,с,
1643,Крушево,408328,Саждево,с,
1643,Крушево,408336,Свето Митрани,с,
1643,Крушево,408344,Селце,с,
1678,Куманово,408379,Агино Село,с,
1678,Куманово,408433,Бедиње,с,
1678,Куманово,408450,Бељаковце,с,
1678,Куманово,408468,Биљановце,с,
1678,Куманово,408484,Брзак,с,
1678,Куманово,408506,Вак’в,с,
1678,Куманово,408522,Винце,с,
1678,Куманово,408581,Габреш,с,
1678,Куманово,408603,Горно Коњаре,с,
1678,Куманово,408620,Градиште,с,
1678,Куманово,408638,Д’лга,с,
1678,Куманово,408689,Доброшане,с,
1678,Куманово,408697,Довезенце,с,
1678,Куманово,408719,Долно Коњаре,с,
1678,Куманово,408778,Живиње,с,
1678,Куманово,408794,Зубовце,с,
1678,Куманово,408816,Јачинце,с,
1678,Куманово,408824,К’шање,с,
1678,Куманово,408859,Карабичане,с,
1678,Куманово,408883,Клечевце,с,
1678,Куманово,408913,Кокошиње,с,
1678,Куманово,408921,Колицко,с,
1678,Куманово,408930,Косматац,с,
1678,Куманово,408948,Куманово,г,
1678,Куманово,408956,Кутлибег,с,
1678,Куманово,408964,Кучкарево,с,
1678,Куманово,409006,Лопате,с,
1678,Куманово,409014,Љубодраг,с,
1678,Куманово,409081,Мургаш,с,
1678,Куманово,409111,Ново Село,с,
1678,Куманово,409120,Новосељане,с,
1678,Куманово,409162,Орашац,с,
1678,Куманово,409227,Пезово,с,
1678,Куманово,409243,Проевце,с,
1678,Куманово,409260,Пчиња,с,
1678,Куманово,409294,Режановце,с,
1678,Куманово,409308,Речица,с,
1678,Куманово,409316,Романовце,с,
1678,Куманово,409367,Скачковце,с,
1678,Куманово,409383,Сопот,с,
1678,Куманово,409456,Студена Бара,с,
1678,Куманово,409464,Сушево,с,
1678,Куманово,409472,Табановце,с,
1678,Куманово,409499,Тромеѓа,с,
1678,Куманово,409502,Умин Дол,с,
1678,Куманово,409553,Черкези,с,
1678,Куманово,409561,Четирце,с,
1678,Куманово,409570,Шупљи Камен,с,
1694,Липково,408387,Алашевце,с,
1694,Липково,408441,Белановце,с,
1694,Липково,408514,Ваксинце,с,
1694,Липково,408549,Виштица,с,
1694,Липково,408590,Глажња,с,
1694,Липково,408611,Гошинце,с,
1694,Липково,408743,Думановце,с,
1694,Липково,408786,Злокуќане,с,
1694,Липково,408808,Извор,с,
1694,Липково,408972,Липково,с,
1694,Липково,408999,Лојане,с,
1694,Липково,409065,Матејче,с,
1694,Липково,409103,Никуштак,с,
1694,Липково,409146,Опае,с,
1694,Липково,409189,Оризари,с,
1694,Липково,409219,Отља,с,
1694,Липково,409278,Р’нковце,с,
1694,Липково,409324,Ропалце,с,
1694,Липково,409359,Руница,с,
1694,Липково,409375,Слупчане,с,
1694,Липково,409413,Стража,с,
1694,Липково,409430,Стрима,с,
1708,Лозово,413259,Аџибегово,с,
1708,Лозово,413232,Аџиматово,с,
1708,Лозово,413267,Бекирлија,с,
1708,Лозово,413356,Дорфулија,с,
1708,Лозово,413364,Ѓуземелци,с,
1708,Лозово,413402,Каратманово,с,
1708,Лозово,413429,Кишино,с,
1708,Лозово,413461,Лозово,с,
1708,Лозово,413500,Милино,с,
1708,Лозово,413615,Сарамзалино,с,
1708,Лозово,413445,Ќоселари,с,
1724,Маврово и Ростуша,403067,Аџиевци,с,
1724,Маврово и Ростуша,403083,Беличица,с,
1724,Маврово и Ростуша,403105,Бибај,с,
1724,Маврово и Ростуша,403113,Битуше,с,
1724,Маврово и Ростуша,403121,Богдево,с,
1724,Маврово и Ростуша,403130,Болетин,с,
1724,Маврово и Ростуша,403156,Велебрдо,с,
1724,Маврово и Ростуша,403164,Видуше,с,
1724,Маврово и Ростуша,403172,Волковија,с,
1724,Маврово и Ростуша,403229,Врбен,с,
1724,Маврово и Ростуша,403237,Врбјани,с,
1724,Маврово и Ростуша,403261,Галичник,с,
1724,Маврово и Ростуша,403334,Грекај,с,
1724,Маврово и Ростуша,403407,Дуф,с,
1724,Маврово и Ростуша,403431,Жировница,с,
1724,Маврово и Ростуша,403440,Жужње,с,
1724,Маврово и Ростуша,403474,Јанче,с,
1724,Маврово и Ростуша,403512,Кичиница,с,
1724,Маврово и Ростуша,403547,Кракорница,с,
1724,Маврово и Ростуша,403563,Лазарополе,с,
1724,Маврово и Ростуша,403580,Леуново,с,
1724,Маврово и Ростуша,403610,Маврови Анови,с,
1724,Маврово и Ростуша,403628,Маврово,с,
1724,Маврово и Ростуша,403679,Нивиште,с,
1724,Маврово и Ростуша,403687,Никифорово,с,
1724,Маврово и Ростуша,403695,Нистрово,с,
1724,Маврово и Ростуша,403709,Ничпур,с,
1724,Маврово и Ростуша,403725,Ново Село,с,
1724,Маврово и Ростуша,403733,Орќуше,с,
1724,Маврово и Ростуша,403776,Присојница,с,
1724,Маврово и Ростуша,403806,Рибница,с,
1724,Маврово и Ростуша,403814,Росоки,с,
1724,Маврово и Ростуша,403822,Ростуша,с,
1724,Маврово и Ростуша,403849,Селце,с,
1724,Маврово и Ростуша,403865,Сенце,с,
1724,Маврово и Ростуша,403881,Скудриње,с,
1724,Маврово и Ростуша,403903,Сретково,с,
1724,Маврово и Ростуша,403938,Сушица,с,
1724,Маврово и Ростуша,403946,Тануше,с,
1724,Маврово и Ростуша,403962,Требиште,с,
1724,Маврово и Ростуша,403989,Тресонче,с,
1724,Маврово и Ростуша,404039,Церово,с,
1732,Македонска Каменица,404586,Дулица,с,
1732,Македонска Каменица,404632,Косевица,с,
1732,Македонска Каменица,404667,Костин Дол,с,
1732,Македонска Каменица,404675,Луковица,с,
1732,Македонска Каменица,404616,Македонска Каменица,г,
1732,Македонска Каменица,404683,Моштица,с,
1732,Македонска Каменица,404730,Саса,с,
1732,Македонска Каменица,404772,Тодоровци,с,
1732,Македонска Каменица,407151,Цера,с,
1759,Македонски Брод,401609,Белица,с,
1759,Македонски Брод,401617,Бенче,с,
1759,Македонски Брод,401625,Битово,с,
1759,Македонски Брод,401633,Близанско,с,
1759,Македонски Брод,401641,Брезница,с,
1759,Македонски Брод,401650,Брест,с,
1759,Македонски Брод,401676,Вир,с,
1759,Македонски Брод,401684,Волче,с,
1759,Македонски Брод,401692,Горни Манастирец,с,
1759,Македонски Брод,401706,Горно Ботушје,с,
1759,Македонски Брод,401714,Горно Крушје,с,
1759,Македонски Брод,401722,Грешница,с,
1759,Македонски Брод,401757,Девич,с,
1759,Македонски Брод,401765,Долни Манастирец,с,
1759,Македонски Брод,401773,Долно Ботушје,с,
1759,Македонски Брод,401781,Долно Крушје,с,
1759,Македонски Брод,401790,Драгов Дол,с,
1759,Македонски Брод,401803,Дреново,с,
1759,Македонски Брод,401811,Заград,с,
1759,Македонски Брод,401820,Звечан,с,
1759,Македонски Брод,401838,Здуње,с,
1759,Македонски Брод,401846,Зркле,с,
1759,Македонски Брод,401854,Ижиште,с,
1759,Македонски Брод,401862,Инче,с,
1759,Македонски Брод,401889,Калуѓерец,с,
1759,Македонски Брод,401897,Ковач,с,
1759,Македонски Брод,401919,Ковче,с,
1759,Македонски Брод,401927,Косово,с,
1759,Македонски Брод,401935,Крапа,с,
1759,Македонски Брод,401943,Латово,с,
1759,Македонски Брод,401951,Локвица,с,
1759,Македонски Брод,401960,Лупште,с,
1759,Македонски Брод,401668,Македонски Брод,г,
1759,Македонски Брод,401978,Могилец,с,
1759,Македонски Брод,401986,Модриште,с,
1759,Македонски Брод,401994,Ореовец,с,
1759,Македонски Брод,402028,Рамне,с,
1759,Македонски Брод,402036,Растеш,с,
1759,Македонски Брод,402044,Русјаци,с,
1759,Македонски Брод,402052,Самоков,с,
1759,Македонски Брод,402079,Сланско,с,
1759,Македонски Брод,402087,Слатина,с,
1759,Македонски Брод,402095,Старо Село,с,
1759,Македонски Брод,402109,Суводол,с,
1759,Македонски Брод,402117,Сушица,с,
1759,Македонски Брод,402125,Тажево,с,
1759,Македонски Брод,402133,Томино Село,с,
1759,Македонски Брод,402141,Тополница,с,
1759,Македонски Брод,402150,Требино,с,
1759,Македонски Брод,402168,Требовље,с,
1759,Македонски Брод,402176,Црешнево,с,
1783,Могила,400181,Алинци,с,
1783,Могила,400238,Беранци,с,
1783,Могила,400335,Будаково,с,
1783,Могила,400360,Вашарејца,с,
1783,Могила,400491,Горна Чарлија,с,
1783,Могила,400556,Дедебалци,с,
1783,Могила,400602,Добрушево,с,
1783,Могила,400688,Долна Чарлија,с,
1783,Могила,400670,Долно Српци,с,
1783,Могила,400793,Ивањевци,с,
1783,Могила,400971,Лознани,с,
1783,Могила,401056,Могила,с,
1783,Могила,401064,Мојно,с,
1783,Могила,401072,Мусинци,с,
1783,Могила,401145,Новоселани,с,
1783,Могила,401153,Ношпал,с,
1783,Могила,401234,Подино,с,
1783,Могила,401285,Путурус,с,
1783,Могила,401293,Радобор,с,
1783,Могила,401358,Свето Тодори,с,
1783,Могила,401510,Трап,с,
1783,Могила,401544,Трновци,с,
1783,Могила,401579,Црничани,с,
1805,Неготино,409618,Брусник,с,
1805,Неготино,409626,Вешје,с,
1805,Неготино,409634,Војшанци,с,
1805,Неготино,409642,Горни Дисан,с,
1805,Неготино,409677,Долни Дисан,с,
1805,Неготино,409707,Дуброво,с,
1805,Неготино,409723,Јаношево,с,
1805,Неготино,409731,Калањево,с,
1805,Неготино,409782,Криволак,с,
1805,Неготино,409804,Курија,с,
1805,Неготино,409812,Липа,с,
1805,Неготино,409839,Неготино,г,
1805,Неготино,409847,Пепелиште,с,
1805,Неготино,409855,Пештерница,с,
1805,Неготино,409880,Тимјаник,с,
1805,Неготино,409898,Тремник,с,
1805,Неготино,409901,Црвени Брегови,с,
1805,Неготино,409936,Џидимирци,с,
1805,Неготино,409944,Шеоба,с,
1821,Новаци,400190,Арматуш,с,
1821,Новаци,400203,Балдовенци,с,
1821,Новаци,400220,Бач,с,
1821,Новаци,400246,Биљаник,с,
1821,Новаци,400297,Брник,с,
1821,Новаци,400319,Брод,с,
1821,Новаци,400343,Будимирци,с,
1821,Новаци,400378,Велесело,с,
1821,Новаци,400394,Врањевци,с,
1821,Новаци,400416,Гермијан,с,
1821,Новаци,400424,Гнеотино,с,
1821,Новаци,400432,Гнилеж,с,
1821,Новаци,400467,Горно Агларци,с,
1821,Новаци,400505,Градешница,с,
1821,Новаци,400521,Грумази,с,
1821,Новаци,400530,Груништа,с,
1821,Новаци,400548,Далбеговци,с,
1821,Новаци,400572,Добровени,с,
1821,Новаци,400599,Добромири,с,
1821,Новаци,400637,Долно Агларци,с,
1821,Новаци,400653,Долно Орехово,с,
1821,Новаци,400769,Живојно,с,
1821,Новаци,400785,Зовиќ 1,с,
1821,Новаци,419656,Зовиќ 2,с,
1821,Новаци,400807,Ивени,с,
1821,Новаци,401005,Маково,с,
1821,Новаци,401021,Мегленци,с,
1821,Новаци,401102,Новаци,с,
1821,Новаци,401137,Ново Село,с,
1821,Новаци,401200,Орле,с,
1821,Новаци,401226,Паралово,с,
1821,Новаци,419664,Петалино,с,
1821,Новаци,401269,Полог,с,
1821,Новаци,401315,Рапеш,с,
1821,Новаци,401331,Рибарци,с,
1821,Новаци,401382,Скочивир,с,
1821,Новаци,401404,Сливица,с,
1821,Новаци,401439,Совиќ,с,
1821,Новаци,401463,Старавина,с,
1821,Новаци,401498,Суво Дол,с,
1821,Новаци,401501,Тепавци,с,
1830,Ново Село,415669,Бадолен,с,
1830,Ново Село,415677,Бајково,с,
1830,Ново Село,415707,Барбарево,с,
1830,Ново Село,415731,Борисово,с,
1830,Ново Село,415910,Дражево,с,
1830,Ново Село,415987,Зубово,с,
1830,Ново Село,416002,Колешино,с,
1830,Ново Село,416061,Мокриево,с,
1830,Ново Село,416070,Мокрино,с,
1830,Ново Село,416126,Ново Коњарево,с,
1830,Ново Село,416134,Ново Село,с,
1830,Ново Село,416258,Самоилово,с,
1830,Ново Село,416339,Смолари,с,
1830,Ново Село,416355,Старо Коњарево,с,
1830,Ново Село,416363,Стиник,с,
1830,Ново Село,416398,Сушица,с,
1872,Осломеј,405809,Арангел,с,
1872,Осломеј,405841,Бериково,с,
1872,Осломеј,405914,Гарани,с,
1872,Осломеј,406058,Жубрино,с,
1872,Осломеј,406112,Јагол,с,
1872,Осломеј,406139,Јагол Доленци,с,
1872,Осломеј,406368,Ново Село,с,
1872,Осломеј,406384,Осломеј,с,
1872,Осломеј,406406,Папрадиште,с,
1872,Осломеј,406449,Поповјани,с,
1872,Осломеј,406473,Премка,с,
1872,Осломеј,406554,Србица,с,
1872,Осломеј,406597,Стрелци,с,
1872,Осломеј,406635,Туин,с,
1872,Осломеј,406651,Црвивци,с,
1872,Осломеј,406678,Шутово,с,
1899,Охрид,410004,Вапила,с,
1899,Охрид,410012,Велгошти,с,
1899,Охрид,410039,Велестово,с,
1899,Охрид,410098,Горно Лакочереј,с,
1899,Охрид,419559,Долно Коњско,с,
1899,Охрид,410128,Долно Лакочереј,с,
1899,Охрид,410144,Елшани,с,
1899,Охрид,410152,Завој,с,
1899,Охрид,410209,Коњско,с,
1899,Охрид,410217,Косел,с,
1899,Охрид,410225,Куратица,с,
1899,Охрид,419575,Лагадин,с,
1899,Охрид,410241,Лескоец,с,
1899,Охрид,410268,Ливоишта,с,
1899,Охрид,410276,Љубаништа,с,
1899,Охрид,410322,Опеница,с,
1899,Охрид,410349,Орман,с,
1899,Охрид,410365,Охрид,г,
1899,Охрид,410381,Пештани,с,
1899,Охрид,410390,Плаќе,с,
1899,Охрид,410403,Подмоље,с,
1899,Охрид,410411,Рамне,с,
1899,Охрид,410420,Расино,с,
1899,Охрид,410438,Речица,с,
1899,Охрид,410446,Свиништа,с,
1899,Охрид,410454,Сирула,с,
1899,Охрид,410462,Скребатно,с,
1899,Охрид,410543,Трпејца,с,
1899,Охрид,410578,Шипокно,с,
1902,Петровец,413739,Бадар,с,
1902,Петровец,413747,Блаце,с,
1902,Петровец,413755,Брезница,с,
1902,Петровец,413810,Горно Коњари,с,
1902,Петровец,413828,Градманци,с,
1902,Петровец,413852,Дивље,с,
1902,Петровец,413879,Долно Коњари,с,
1902,Петровец,413925,Катланово,с,
1902,Петровец,413933,Кожле,с,
1902,Петровец,413950,Летевци,с,
1902,Петровец,414018,Огњанци,с,
1902,Петровец,414034,Петровец,с,
1902,Петровец,414042,Р’жаничино,с,
1902,Петровец,414077,Средно Коњари,с,
1902,Петровец,414093,Сушица,с,
1902,Петровец,413941,Ќојлија,с,
1929,Пехчево,400076,Негрево,с,
1929,Пехчево,400084,Панчарево,с,
1929,Пехчево,400092,Пехчево,г,
1929,Пехчево,400114,Робово,с,
1929,Пехчево,400157,Умлена,с,
1929,Пехчево,400165,Црник,с,
1929,Пехчево,400173,Чифлик,с,
1937,Пласница,401749,Дворци,с,
1937,Пласница,406295,Лисичани,с,
1937,Пласница,402001,Пласница,с,
1937,Пласница,402010,Преглово,с,
1953,Прилеп,410586,Алинци,с,
1953,Прилеп,410616,Беловодица,с,
1953,Прилеп,410624,Беровци,с,
1953,Прилеп,410632,Бешиште,с,
1953,Прилеп,410659,Бонче,с,
1953,Прилеп,410691,Вепрчани,с,
1953,Прилеп,410705,Веселчани,с,
1953,Прилеп,410713,Витолиште,с,
1953,Прилеп,410730,Волково,с,
1953,Прилеп,410764,Врпско,с,
1953,Прилеп,410772,Галичани,с,
1953,Прилеп,410802,Голем Радобил,с,
1953,Прилеп,410829,Големо Коњари,с,
1953,Прилеп,410853,Гуѓаково,с,
1953,Прилеп,410870,Дабница,с,
1953,Прилеп,410926,Дрен,с,
1953,Прилеп,410942,Дуње,с,
1953,Прилеп,410977,Ерековци,с,
1953,Прилеп,410993,Живово,с,
1953,Прилеп,411027,Загорани,с,
1953,Прилеп,411051,Кадино Село,с,
1953,Прилеп,411060,Кален,с,
1953,Прилеп,411078,Канатларци,с,
1953,Прилеп,411086,Клепач,с,
1953,Прилеп,411094,Кокре,с,
1953,Прилеп,411159,Крстец,с,
1953,Прилеп,411175,Крушевица,с,
1953,Прилеп,411205,Леништа,с,
1953,Прилеп,411213,Лопатица,с,
1953,Прилеп,411221,Мажучиште,с,
1953,Прилеп,411230,Мал Радобил,с,
1953,Прилеп,411248,Мало Коњари,с,
1953,Прилеп,411264,Мало Рувци,с,
1953,Прилеп,411272,Манастир,с,
1953,Прилеп,411302,Марул,с,
1953,Прилеп,411345,Никодин,с,
1953,Прилеп,411353,Ново Лагово,с,
1953,Прилеп,411388,Ореовец,с,
1953,Прилеп,411418,Пештани,с,
1953,Прилеп,411426,Плетвар,с,
1953,Прилеп,411434,Подмол,с,
1953,Прилеп,411442,Полчиште,с,
1953,Прилеп,411469,Прилеп,г,
1953,Прилеп,411477,Прилепец,с,
1953,Прилеп,411485,Присад,с,
1953,Прилеп,411493,Ракле,с,
1953,Прилеп,411540,Селце,с,
1953,Прилеп,411604,Смолани,с,
1953,Прилеп,411639,Старо Лагово,с,
1953,Прилеп,411655,Топлица,с,
1953,Прилеп,411663,Тополчани,с,
1953,Прилеп,411671,Тројаци,с,
1953,Прилеп,411680,Тројкрсти,с,
1953,Прилеп,411698,Царевиќ,с,
1953,Прилеп,411710,Чаниште,с,
1953,Прилеп,411728,Чепигово,с,
1953,Прилеп,411736,Чумово,с,
1953,Прилеп,411744,Шелеверци,с,
1953,Прилеп,411752,Штавица,с,
1961,Пробиштип,411779,Бунеш,с,
1961,Пробиштип,411787,Бучиште,с,
1961,Пробиштип,411795,Гајранци,с,
1961,Пробиштип,411809,Горни Стубол,с,
1961,Пробиштип,411817,Горно Барбарево,с,
1961,Пробиштип,411825,Гризилевци,с,
1961,Пробиштип,411833,Гујновци,с,
1961,Пробиштип,411841,Добрево,с,
1961,Пробиштип,411850,Долни Стубол,с,
1961,Пробиштип,411868,Долно Барбарево,с,
1961,Пробиштип,411876,Древено,с,
1961,Пробиштип,411884,Дренок,с,
1961,Пробиштип,411892,Зарепинци,с,
1961,Пробиштип,411906,Зеленград,с,
1961,Пробиштип,411914,Злетово,с,
1961,Пробиштип,411922,Јамиште,с,
1961,Пробиштип,411949,Калниште,с,
1961,Пробиштип,411957,Куково,с,
1961,Пробиштип,411965,Кундино,с,
1961,Пробиштип,411973,Лезово,с,
1961,Пробиштип,411981,Лесново,с,
1961,Пробиштип,411990,Марчино,с,
1961,Пробиштип,412007,Неокази,с,
1961,Пробиштип,412015,Пестршино,с,
1961,Пробиштип,412023,Петришино,с,
1961,Пробиштип,412031,Пишица,с,
1961,Пробиштип,412040,Плешанци,с,
1961,Пробиштип,412058,Пробиштип,г,
1961,Пробиштип,412074,Пуздерци,с,
1961,Пробиштип,412082,Ратавица,с,
1961,Пробиштип,412104,Стрисовци,с,
1961,Пробиштип,412112,Стрмош,с,
1961,Пробиштип,412139,Трипатанци,с,
1961,Пробиштип,412147,Трооло,с,
1961,Пробиштип,412155,Турско Рудари,с,
1961,Пробиштип,412163,Шталковица,с,
1970,Радовиш,412171,Али Коч,с,
1970,Радовиш,412180,Али Лобаси,с,
1970,Радовиш,412198,Бучим,с,
1970,Радовиш,412201,Воиславци,с,
1970,Радовиш,412252,Дамјан,с,
1970,Радовиш,412317,Држани,с,
1970,Радовиш,412325,Дурутлија,с,
1970,Радовиш,412341,Злеово,с,
1970,Радовиш,412350,Ињево,с,
1970,Радовиш,412368,Јаргулица,с,
1970,Радовиш,412376,Калаузлија,с,
1970,Радовиш,412384,Калуѓерица,с,
1970,Радовиш,412392,Каралобоси,с,
1970,Радовиш,412406,Караџалар,с,
1970,Радовиш,412414,Козбунар,с,
1970,Радовиш,412457,Коџалија,с,
1970,Радовиш,412481,Ново Село,с,
1970,Радовиш,412490,Ораовица,с,
1970,Радовиш,412503,Папавница,с,
1970,Радовиш,412511,Погулево,с,
1970,Радовиш,412520,Подареш,с,
1970,Радовиш,412538,Покрајчево,с,
1970,Радовиш,412546,Прналија,с,
1970,Радовиш,412554,Радовиш,г,
1970,Радовиш,412589,Раклиш,с,
1970,Радовиш,412597,Сариѓол,с,
1970,Радовиш,412627,Смиланци,с,
1970,Радовиш,412635,Сулдурци,с,
1970,Радовиш,412643,Супурге,с,
1970,Радовиш,412651,Тополница,с,
1970,Радовиш,412449,Ќоселија,с,
1970,Радовиш,412660,Худаверлија,с,
1970,Радовиш,412678,Чешме Маале,с,
1970,Радовиш,412686,Шаинташ,с,
1970,Радовиш,412694,Шипковица,с,
1970,Радовиш,412708,Штурово,с,
1988,Ранковце,407534,Баратлија,с,
1988,Ранковце,407593,Ветуница,с,
1988,Ранковце,407607,Вржогрнци,с,
1988,Ранковце,407623,Герман,с,
1988,Ранковце,407631,Гиновци,с,
1988,Ранковце,407666,Гулинци,с,
1988,Ранковце,407801,Криви Камен,с,
1988,Ранковце,407852,Љубинци,с,
1988,Ранковце,407909,Милутинце,с,
1988,Ранковце,407941,Одрено,с,
1988,Ранковце,407950,Опила,с,
1988,Ранковце,407976,Отошница,с,
1988,Ранковце,407984,П’клиште,с,
1988,Ранковце,407992,Петралица,с,
1988,Ранковце,408018,Псача,с,
1988,Ранковце,408026,Радибуш,с,
1988,Ранковце,408034,Ранковце,с,
1988,Ранковце,408069,Станча,с,
1996,Ресен,412716,Арвати,с,
1996,Ресен,412724,Асамати,с,
1996,Ресен,412732,Болно,с,
1996,Ресен,412759,Брајчино,с,
1996,Ресен,412767,Волкодери,с,
1996,Ресен,412775,Горна Бела Црква,с,
1996,Ресен,412783,Горно Дупени,с,
1996,Ресен,412791,Горно Крушје,с,
1996,Ресен,412805,Грнчари,с,
1996,Ресен,412813,Долна Бела Црква,с,
1996,Ресен,412821,Долно Дупени,с,
1996,Ресен,412830,Долно Перово,с,
1996,Ресен,412848,Дрмени,с,
1996,Ресен,412856,Евла,с,
1996,Ресен,412864,Езерани,с,
1996,Ресен,412872,Златари,с,
1996,Ресен,412899,Избишта,с,
1996,Ресен,412902,Илино,с,
1996,Ресен,412929,Јанковец,с,
1996,Ресен,412937,Козјак,с,
1996,Ресен,412945,Коњско,с,
1996,Ресен,412953,Крани,с,
1996,Ресен,412961,Кривени,с,
1996,Ресен,412970,Курбиново,с,
1996,Ресен,412988,Лавци,с,
1996,Ресен,412996,Лева Река,с,
1996,Ресен,413003,Лескоец,с,
1996,Ресен,413011,Љубојно,с,
1996,Ресен,413020,Наколец,с,
1996,Ресен,413038,Отешево,с,
1996,Ресен,413046,Петрино,с,
1996,Ресен,413054,Подмочани,с,
1996,Ресен,413062,Покрвеник,с,
1996,Ресен,413089,Прељубје,с,
1996,Ресен,413097,Претор,с,
1996,Ресен,413119,Рајца,с,
1996,Ресен,413127,Ресен,г,
1996,Ресен,413135,Сливница,с,
1996,Ресен,413143,Сопотско,с,
1996,Ресен,413151,Стење,с,
1996,Ресен,413160,Стипона,с,
1996,Ресен,413178,Царев Двор,с,
1996,Ресен,413186,Штрбово,с,
1996,Ресен,413194,Шурленци,с,
2003,Росоман,405396,Дебриште,с,
2003,Росоман,405477,Камен Дол,с,
2003,Росоман,405531,Крушевица,с,
2003,Росоман,405566,Манастирец,с,
2003,Росоман,405604,Мрзен Ораовец,с,
2003,Росоман,405612,Паликура,с,
2003,Росоман,405680,Рибарци,с,
2003,Росоман,405701,Росоман,с,
2003,Росоман,405710,Сирково,с,
2003,Росоман,405744,Трстеник,с,
2046,Свети Николе,413208,Алакинце,с,
2046,Свети Николе,413216,Амзабегово,с,
2046,Свети Николе,413224,Арбасанци,с,
2046,Свети Николе,413275,Богословец,с,
2046,Свети Николе,413283,Буриловци,с,
2046,Свети Николе,413291,Горно Ѓуѓанце,с,
2046,Свети Николе,413305,Горно Црнилиште,с,
2046,Свети Николе,413313,Горобинци,с,
2046,Свети Николе,413321,Делисинци,с,
2046,Свети Николе,413330,Долно Ѓуѓанце,с,
2046,Свети Николе,413348,Долно Црнилиште,с,
2046,Свети Николе,413372,Ерџелија,с,
2046,Свети Николе,413399,Кадрифаково,с,
2046,Свети Николе,413437,Кнежје,с,
2046,Свети Николе,413453,Крушица,с,
2046,Свети Николе,413470,Макреш,с,
2046,Свети Николе,413488,Малино,с,
2046,Свети Николе,413666,Мездра,с,
2046,Свети Николе,413496,Мечкуевци,с,
2046,Свети Николе,413518,Мустафино,с,
2046,Свети Николе,413526,Немањица,с,
2046,Свети Николе,413542,Орел,с,
2046,Свети Николе,413569,Павлешенци,с,
2046,Свети Николе,413577,Патетино,с,
2046,Свети Николе,413585,Пеширово,с,
2046,Свети Николе,413593,Преод,с,
2046,Свети Николе,413607,Ранчинци,с,
2046,Свети Николе,413623,Свети Николе,г,
2046,Свети Николе,413631,Сопот,с,
2046,Свети Николе,413640,Стануловци,с,
2046,Свети Николе,413658,Стањевци,с,
2046,Свети Николе,413674,Строиманци,с,
2046,Свети Николе,413682,Трстеник,с,
2054,Сопиште,414395,Барово,с,
2054,Сопиште,414433,Говрлево,с,
2054,Сопиште,414450,Горно Соње,с,
2054,Сопиште,414492,Добри Дол,с,
2054,Сопиште,414522,Долно Соње,с,
2054,Сопиште,414557,Држилово,с,
2054,Сопиште,414581,Јаболци,с,
2054,Сопиште,414638,Нова Брезница,с,
2054,Сопиште,414727,Патишка Река,с,
2054,Сопиште,414735,Ракотинци,с,
2054,Сопиште,414751,Света Петка,с,
2054,Сопиште,414778,Сопиште,с,
2054,Сопиште,414891,Чифлик,с,
2127,Старо Нагоричане,408395,Алгуња,с,
2127,Старо Нагоричане,408409,Аљинце,с,
2127,Старо Нагоричане,408417,Арбанашко,с,
2127,Старо Нагоричане,408425,Бајловце,с,
2127,Старо Нагоричане,408476,Брешко,с,
2127,Старо Нагоричане,408492,Буковљане,с,
2127,Старо Нагоричане,408557,Војник,с,
2127,Старо Нагоричане,408565,Враготурце,с,
2127,Старо Нагоричане,408573,Врачевце,с,
2127,Старо Нагоричане,408646,Дејловце,с,
2127,Старо Нагоричане,408654,Длабочица,с,
2127,Старо Нагоричане,408662,Добрача,с,
2127,Старо Нагоричане,408727,Драгоманце,с,
2127,Старо Нагоричане,408735,Дренок,с,
2127,Старо Нагоричане,408751,Жегљане,с,
2127,Старо Нагоричане,408760,Жељувино,с,
2127,Старо Нагоричане,408832,Канарево,с,
2127,Старо Нагоричане,408867,Карловце,с,
2127,Старо Нагоричане,408891,Коинце,с,
2127,Старо Нагоричане,408905,Кокино,с,
2127,Старо Нагоричане,409022,М’гленце,с,
2127,Старо Нагоричане,409049,Макреш,с,
2127,Старо Нагоричане,409057,Малотино,с,
2127,Старо Нагоричане,409073,Младо Нагоричане,с,
2127,Старо Нагоричане,409090,Никуљане,с,
2127,Старо Нагоричане,409138,Облавце,с,
2127,Старо Нагоричане,409154,Орах,с,
2127,Старо Нагоричане,409197,Осиче,с,
2127,Старо Нагоричане,409235,Пелинце,с,
2127,Старо Нагоричане,409251,Пузајка,с,
2127,Старо Нагоричане,409286,Рамно,с,
2127,Старо Нагоричане,409332,Руѓинце,с,
2127,Старо Нагоричане,409391,Старо Нагоричане,с,
2127,Старо Нагоричане,409405,Степанце,с,
2127,Старо Нагоричане,409421,Стрезовце,с,
2127,Старо Нагоричане,409448,Стрновац,с,
2127,Старо Нагоричане,409529,Цветишница,с,
2127,Старо Нагоричане,409537,Цвиланце,с,
2127,Старо Нагоричане,409545,Челопек,с,
2135,Струга,415073,Безово,с,
2135,Струга,415081,Биџево,с,
2135,Струга,415090,Богојци,с,
2135,Струга,415103,Бороец,с,
2135,Струга,415111,Брчево,с,
2135,Струга,415120,Буринец,с,
2135,Струга,415146,Велешта,с,
2135,Струга,415154,Вишни,с,
2135,Струга,415162,Враниште,с,
2135,Струга,415189,Глобочица,с,
2135,Струга,415197,Горна Белица,с,
2135,Струга,415219,Горно Татеши,с,
2135,Струга,415227,Делогожди,с,
2135,Струга,415235,Добовјани,с,
2135,Струга,415243,Долна Белица,с,
2135,Струга,415251,Долно Татеши,с,
2135,Струга,415260,Драслајца,с,
2135,Струга,415278,Дренок,с,
2135,Струга,415286,Заграчани,с,
2135,Струга,415294,Збажди,с,
2135,Струга,415308,Јабланица,с,
2135,Струга,415316,Калишта,с,
2135,Струга,415324,Корошишта,с,
2135,Струга,415332,Лабуништа,с,
2135,Струга,415359,Лакаица,с,
2135,Струга,415367,Ливада,с,
2135,Струга,415375,Ложани,с,
2135,Струга,415383,Локов,с,
2135,Струга,415391,Луково,с,
2135,Струга,415405,Мали Влај,с,
2135,Струга,415413,Мислешево,с,
2135,Струга,415421,Мислодежда,с,
2135,Струга,415430,Модрич,с,
2135,Струга,415448,Мороишта,с,
2135,Струга,415456,Нерези,с,
2135,Струга,415464,Ново Село,с,
2135,Струга,415472,Октиси,с,
2135,Струга,415499,Пискупштина,с,
2135,Струга,415502,Подгорци,с,
2135,Струга,415529,Поум,с,
2135,Струга,415537,Присовјани,с,
2135,Струга,415545,Р’жаново,с,
2135,Струга,415553,Радожда,с,
2135,Струга,415561,Радолишта,с,
2135,Струга,415570,Селци,с,
2135,Струга,415588,Струга,г,
2135,Струга,415596,Ташмаруништа,с,
2135,Струга,415600,Тоска,с,
2135,Струга,415618,Франгово,с,
2135,Струга,415626,Џепин,с,
2135,Струга,415634,Шум,с,
2143,Струмица,415685,Баница,с,
2143,Струмица,415693,Банско,с,
2143,Струмица,415715,Белотино,с,
2143,Струмица,415774,Вељуса,с,
2143,Струмица,415812,Водоча,с,
2143,Струмица,415839,Габрово,с,
2143,Струмица,415863,Градско Балдовци,с,
2143,Струмица,415871,Дабиље,с,
2143,Струмица,415880,Добрејци,с,
2143,Струмица,415901,Дорломбос,с,
2143,Струмица,415979,Злешево,с,
2143,Струмица,416029,Костурино,с,
2143,Струмица,416037,Куклиш,с,
2143,Струмица,416053,Мемешли,с,
2143,Струмица,416096,Муртино,с,
2143,Струмица,416142,Орманли,с,
2143,Струмица,416185,Попчево,с,
2143,Струмица,416193,Просениково,с,
2143,Струмица,416207,Раборци,с,
2143,Струмица,416231,Рич,с,
2143,Струмица,416274,Сачево,с,
2143,Струмица,416282,Свидовица,с,
2143,Струмица,416371,Струмица,г,
2143,Струмица,416410,Три Води,с,
2143,Струмица,416452,Чепели,с,
2151,Студеничани,414387,Алдинци,с,
2151,Студеничани,414409,Батинци,с,
2151,Студеничани,414425,Вртекица,с,
2151,Студеничани,414441,Горно Количани,с,
2151,Студеничани,414514,Долно Количани,с,
2151,Студеничани,414549,Драчевица,с,
2151,Студеничани,414565,Елово,с,
2151,Студеничани,414590,Калдирец,с,
2151,Студеничани,414603,Малчиште,с,
2151,Студеничани,414611,Маркова Сушица,с,
2151,Студеничани,414620,Морани,с,
2151,Студеничани,414662,Осинчани,с,
2151,Студеничани,414689,Пагаруша,с,
2151,Студеничани,414743,Рамни Габер,с,
2151,Студеничани,414808,Студеничани,с,
2151,Студеничани,414832,Умово,с,
2151,Студеничани,414867,Цветово,с,
2151,Студеничани,414875,Црвена Вода,с,
2151,Студеничани,414883,Црн Врв,с,
2160,Теарце,416533,Брезно,с,
2160,Теарце,416550,Варвара,с,
2160,Теарце,416614,Глоѓи,с,
2160,Теарце,416703,Доброште,с,
2160,Теарце,416851,Јелошник,с,
2160,Теарце,416916,Лешок,с,
2160,Теарце,416983,Непроштено,с,
2160,Теарце,416991,Нераште,с,
2160,Теарце,417033,Одри,с,
2160,Теарце,417114,Првце,с,
2160,Теарце,417149,Пршовце,с,
2160,Теарце,417297,Слатино,с,
2160,Теарце,417343,Теарце,с,
2178,Тетово,416517,Бозовце,с,
2178,Тетово,416541,Бродец,с,
2178,Тетово,416568,Вејце,с,
2178,Тетово,416576,Вешала,с,
2178,Тетово,416606,Гајре,с,
2178,Тетово,416622,Голема Речица,с,
2178,Тетово,416746,Ѓермо,с,
2178,Тетово,416835,Једоарце,с,
2178,Тетово,416894,Лавце,с,
2178,Тетово,416924,Лисец,с,
2178,Тетово,416959,Мала Речица,с,
2178,Тетово,417068,Отуње,с,
2178,Тетово,417106,Порој,с,
2178,Тетово,417211,Сараќино,с,
2178,Тетово,417238,Селце,с,
2178,Тетово,417254,Сетоле,с,
2178,Тетово,417360,Тетово,г,
2178,Тетово,417408,Фалиш,с,
2178,Тетово,417459,Џепчиште,с,
2178,Тетово,417475,Шипковица,с,
2208,Центар Жупа,404063,Бајрамовци,с,
2208,Центар Жупа,404071,Баланци,с,
2208,Центар Жупа,404101,Брештани,с,
2208,Центар Жупа,404110,Броштица,с,
2208,Центар Жупа,404128,Власиќи,с,
2208,Центар Жупа,404144,Голем Папрадник,с,
2208,Центар Жупа,404152,Горенци,с,
2208,Центар Жупа,404187,Горно Мелничани,с,
2208,Центар Жупа,404209,Долгаш,с,
2208,Центар Жупа,404225,Долно Мелничани,с,
2208,Центар Жупа,404233,Евла,с,
2208,Центар Жупа,404241,Елевци,с,
2208,Центар Жупа,404250,Житинени,с,
2208,Центар Жупа,404276,Кочишта,с,
2208,Центар Жупа,404284,Коџаџик,с,
2208,Центар Жупа,404306,Мал Папрадник,с,
2208,Центар Жупа,404322,Новак,с,
2208,Центар Жупа,404357,Осолница,с,
2208,Центар Жупа,404373,Оџовци,с,
2208,Центар Жупа,404381,Пареши,с,
2208,Центар Жупа,404390,Праленик,с,
2208,Центар Жупа,419273,Центар Жупа,с,
2208,Центар Жупа,404462,Црно Боци,с,
2216,Чашка,417491,Бањица,с,
2216,Чашка,417521,Бистрица,с,
2216,Чашка,417530,Богомила,с,
2216,Чашка,417556,Бусилци,с,
2216,Чашка,417599,Витанци,с,
2216,Чашка,417602,Владиловци,с,
2216,Чашка,417637,Војница,с,
2216,Чашка,417645,Габровник,с,
2216,Чашка,417653,Голозинци,с,
2216,Чашка,417661,Горно Врановци,с,
2216,Чашка,417670,Горно Јаболчиште,с,
2216,Чашка,417742,Долно Врановци,с,
2216,Чашка,417769,Долно Јаболчиште,с,
2216,Чашка,417807,Дреново,с,
2216,Чашка,417815,Еловец,с,
2216,Чашка,417840,Извор,с,
2216,Чашка,417858,Капиново,с,
2216,Чашка,417904,Крајници,с,
2216,Чашка,417912,Крива Круша,с,
2216,Чашка,417939,Крнино,с,
2216,Чашка,417971,Лисиче,с,
2216,Чашка,418005,Мартолци,с,
2216,Чашка,418013,Мелница,с,
2216,Чашка,418021,Мокрени,с,
2216,Чашка,418030,Нежилово,с,
2216,Чашка,418064,Ново Село,с,
2216,Чашка,418099,Оморани,с,
2216,Чашка,418102,Ораов Дол,с,
2216,Чашка,418137,Ореше,с,
2216,Чашка,418145,Отиштино,с,
2216,Чашка,418161,Папрадиште,с,
2216,Чашка,418170,Плевење,с,
2216,Чашка,418196,Поменово,с,
2216,Чашка,418200,Попадија,с,
2216,Чашка,418226,Раковец,с,
2216,Чашка,418315,Смиловци,с,
2216,Чашка,418323,Согле,с,
2216,Чашка,418358,Стари Град,с,
2216,Чашка,418366,Степанци,с,
2216,Чашка,418374,Теово,с,
2216,Чашка,418439,Црешнево,с,
2216,Чашка,418463,Чашка,с,
2232,Чешиново - Облешево,406686,Бања,с,
2232,Чешиново - Облешево,406716,Бурилчево,с,
2232,Чешиново - Облешево,406759,Врбица,с,
2232,Чешиново - Облешево,406821,Жиганце,с,
2232,Чешиново - Облешево,406872,Кучичино,с,
2232,Чешиново - Облешево,406899,Лепопелци,с,
2232,Чешиново - Облешево,406961,Ново Селани,с,
2232,Чешиново - Облешево,406988,Облешево,с,
2232,Чешиново - Облешево,407097,Соколарци,с,
2232,Чешиново - Облешево,407119,Спанчево,с,
2232,Чешиново - Облешево,407127,Теранци,с,
2232,Чешиново - Облешево,407143,Уларци,с,
2232,Чешиново - Облешево,407178,Чешиново,с,
2232,Чешиново - Облешево,407186,Чифлик,с,
2259,Чучер - Сандево,414905,Бањане,с,
2259,Чучер - Сандево,414913,Блаце,с,
2259,Чучер - Сандево,414921,Бразда,с,
2259,Чучер - Сандево,414930,Брест,с,
2259,Чучер - Сандево,414948,Бродец,с,
2259,Чучер - Сандево,414956,Глуво,с,
2259,Чучер - Сандево,414964,Горњане,с,
2259,Чучер - Сандево,414972,Кучевиште,с,
2259,Чучер - Сандево,415014,Мирковци,с,
2259,Чучер - Сандево,415022,Побожје,с,
2259,Чучер - Сандево,415057,Танушевци,с,
2259,Чучер - Сандево,415065,Чучер - Сандево,с,
2283,Штип,418498,Балталија,с,
2283,Штип,418510,Брест,с,
2283,Штип,418528,Врсаково,с,
2283,Штип,418552,Горачино,с,
2283,Штип,418595,Доброшани,с,
2283,Штип,418609,Долани,с,
2283,Штип,418633,Драгоево,с,
2283,Штип,418650,Едеклерци,с,
2283,Штип,418668,Јамуларци,с,
2283,Штип,418684,Калапетровци,с,
2283,Штип,418749,Кошево,с,
2283,Штип,418757,Криви Дол,с,
2283,Штип,418803,Лакавица,с,
2283,Штип,418811,Лесковица,с,
2283,Штип,418820,Липов Дол,с,
2283,Штип,418838,Љуботен,с,
2283,Штип,418889,Никоман,с,
2283,Штип,418919,Ново Село,с,
2283,Штип,418935,Пенуш,с,
2283,Штип,418943,Пиперово,с,
2283,Штип,418951,Почивало,с,
2283,Штип,418986,Пухче,с,
2283,Штип,419010,Сарчиево,с,
2283,Штип,419028,Селце,с,
2283,Штип,419036,Скандалци,с,
2283,Штип,419044,Софилари,с,
2283,Штип,419052,Стар Караорман,с,
2283,Штип,419079,Степанци,с,
2283,Штип,419087,Суво Грло,с,
2283,Штип,419095,Судиќ,с,
2283,Штип,419109,Сушево,с,
2283,Штип,419117,Танатарци,с,
2283,Штип,419133,Тестемелци,с,
2283,Штип,419141,Топлиќ,с,
2283,Штип,419150,Три Чешми,с,
2283,Штип,419168,Хаџи-реџепли,с,
2283,Штип,419176,Хаџи-сејдели,с,
2283,Штип,419184,Хаџи-хамзали,с,
2283,Штип,419206,Црешка,с,
2283,Штип,419214,Чардаклија,с,
2283,Штип,419222,Чифлик,с,
2283,Штип,419249,Шашаварлија,с,
2283,Штип,419257,Шопур,с,
2283,Штип,419265,Штип,г,
,,,,,
"* Градот Скопје е посебна единица на локалната самоуправа и го покрива подрачјето на општините: Аеродром, Бутел, Гази баба, Ѓорче Петров, Карпош, Кисела Вода, Сарај, Центар, Чаир и Шуто Оризари",,,,,
